Sr. No.,Job Title,Company Name,Experience Required,Location
1,Site Reliability Engineer (AI),iManage LLC,3 to 5 Yrs,Chennai
2,Artificial Intelligence (AI) Software Engineer,FuGenX Technologies Private Limited...,2 to 4 Yrs,Bangalore
3,Senior Development Engineer in Test - Application Devel ...,Noodle.ai,5 to 7 Yrs,Bangalore
4,AI Developer/ Data Scientist,OPEXAI BUSINESS CONSULTING LLP,3 to 5 Yrs,"Gurugram+5Mumbai City, Bangalore, Chennai, Hyderabad, Delhi"
5,Front End Engineer_ reputed IT services and consulting  ...,Seven consultancy,2 to 7 Yrs,Kolkata
6,Technical Lead ftl?,Engineer.ai - Everyones Engineering...,4 to 8 Yrs,"Bangalore+3Chennai, Hyderabad, Kolkata"
7,Leher - UI/UX Designer - Figma/Photoshop,Leher.ai,1 to 3 Yrs,Bangalore
8,IT Principal Software Engineer (DevOps Platform Enginee ...,Dell,8 to 10 Yrs,"Bangalore+3Chennai, Hyderabad, Pune"
9,Associate Sales Engineer Analyst,Dell,0 to 3 Yrs,Bangalore
10,SoC Design Engineer,Intel Technology India Pvt Ltd,0 Yrs,Hyderabad
11,Software Senior Engineer,Dell,5 to 8 Yrs,United States Of America+1Bangalore
12,Software Engineer,Dell,3 to 7 Yrs,Bangalore+1Hyderabad
13,QA Engineer - Exploratory,MoEngage Inc.,1 to 3 Yrs,Bangalore
14,Quality Senior Engineer,Dell,2 to 5 Yrs,Chennai
15,Technical Support Engineer 1 ersec,Dell,0 to 2 Yrs,Chennai
16,"Storage - Principal Engineer, Service Delivery (I8)",Dell,8 to 12 Yrs,Mumbai City
17,Technical Support Engineer,Dell,2 to 4 Yrs,Bangalore
18,Software Engineer,Dell,2 to 5 Yrs,Other Karnataka
19,Development Engineer,Philips Lighting India Limited,4 to 7 Yrs,Bangalore
20,Site Reliability Engineer (AI),iManage LLC,3 to 5 Yrs,Chennai
21,Artificial Intelligence (AI) Software Engineer,FuGenX Technologies Private Limited...,2 to 4 Yrs,Bangalore
22,Senior Development Engineer in Test - Application Devel ...,Noodle.ai,5 to 7 Yrs,Bangalore
23,AI Developer/ Data Scientist,OPEXAI BUSINESS CONSULTING LLP,3 to 5 Yrs,"Gurugram+5Mumbai City, Bangalore, Chennai, Hyderabad, Delhi"
24,Front End Engineer_ reputed IT services and consulting  ...,Seven consultancy,2 to 7 Yrs,Kolkata
25,Technical Lead ftl?,Engineer.ai - Everyones Engineering...,4 to 8 Yrs,"Bangalore+3Chennai, Hyderabad, Kolkata"
26,Leher - UI/UX Designer - Figma/Photoshop,Leher.ai,1 to 3 Yrs,Bangalore
27,IT Principal Software Engineer (DevOps Platform Enginee ...,Dell,8 to 10 Yrs,"Bangalore+3Chennai, Hyderabad, Pune"
28,Associate Sales Engineer Analyst,Dell,0 to 3 Yrs,Bangalore
29,SoC Design Engineer,Intel Technology India Pvt Ltd,0 Yrs,Hyderabad
30,Software Senior Engineer,Dell,5 to 8 Yrs,United States Of America+1Bangalore
31,Software Engineer,Dell,3 to 7 Yrs,Bangalore+1Hyderabad
32,QA Engineer - Exploratory,MoEngage Inc.,1 to 3 Yrs,Bangalore
33,Quality Senior Engineer,Dell,2 to 5 Yrs,Chennai
34,Technical Support Engineer 1 ersec,Dell,0 to 2 Yrs,Chennai
35,"Storage - Principal Engineer, Service Delivery (I8)",Dell,8 to 12 Yrs,Mumbai City
36,Technical Support Engineer,Dell,2 to 4 Yrs,Bangalore
37,Software Engineer,Dell,2 to 5 Yrs,Other Karnataka
38,Development Engineer,Philips Lighting India Limited,4 to 7 Yrs,Bangalore
39,CTIO Senior Software Engineer,Dell,0 to 2 Yrs,Kolkata
40,"Software Engineer II - Hyderabad, Telangana",Hewlett-Packard India Pvt Ltd,0 to 1 Yr,Hyderabad
41,Software Engineer (Python Developer),"Securly, Inc.",3 to 6 Yrs,Pune
42,Senior Software Engineer (Python Developer),"Securly, Inc.",3 to 6 Yrs,Pune
43,Site Reliability Engineer,Nvidia Corporation,3 Yrs,Pune
44,"Software Test Engineer, Networking",Nvidia Corporation,3 to 5 Yrs,Bangalore
45,Site Reliability Engineer,Nvidia Corporation,5 Yrs,Pune
46,Senior Manager/AVP/VP - Human Resources/Talent Acquisit ...,Rezo.AI,6 to 10 Yrs,Noida
47,Chief Revenue Officer,Rezo.AI,8 to 10 Yrs,Noida
48,Software Engineer 2,Microsoft,8 to 10 Yrs,Hyderabad
49,MLOps Engineer(Machine Learning Operations) - Chennai L ...,Ontrack HR services Pvt Ltd,4 to 5 Yrs,Chennai
50,"Data Engineer -Mumbai, Banglaore, Pune, Gurgaon",Fractal Analytics,3 to 6 Yrs,Gurugram+1Mumbai City
51,Firmware Engineer,Gilbarco,3 to 5 Yrs,Ahmedabad
52,Design Engineer I ails?id_1577,Cadence Design,0 to 2 Yrs,Pune
53,"Sr. Software Engineer, Machine Learning",Poshmark,3 to 5 Yrs,Chennai
54,Software Developer - Android,DishTv India Limited,5 to 8 Yrs,"Gurugram+2Bangalore, Delhi"
55,Senior Data Engineer,Fractal Analytics,7 to 9 Yrs,Hyderabad
56,Senior Digital DevOps Engineer,Videojet Technologies India Pvt Ltd,1 to 2 Yrs,Bangalore
57,Lead DevOps Engineer,Informatica,4 to 6 Yrs,Chennai
58,MS Engineer L1 (Network),NTT Limited,4 to 6 Yrs,Noida
59,MS engineer L3,NTT Limited,2 to 4 Yrs,Gurugram
60,MS Engineer L3 (System),NTT Limited,3 to 5 Yrs,Noida
61,MS Engineer ( L1),NTT Limited,2 to 4 Yrs,Surat
62,Principal Software Engineer,Informatica,3 to 5 Yrs,Chennai
63,MS Engineer (L1),NTT Limited,1 to 5 Yrs,Gurugram
64,MS Engineer (L3) (NTT),NTT Limited,2 to 6 Yrs,Mumbai City
65,Senior Quality Engineer - Automation,Opteamix,3 to 8 Yrs,United States Of America+1Bangalore
66,Automation Test Engineer,MNR Solutions Pvt Ltd,2 to 4 Yrs,Chennai
67,Software Engineering Pega Senior Developer,BT e-Serv (India),2 to 3 Yrs,Bangalore
68,"Director,Software Engineering (Bigdata Platform)",salesforce.,3 to 5 Yrs,Bangalore
69,Commercial Analytics Data Scientist,Dell,12 to 15 Yrs,Delhi
70,Data Science Advisor,Dell,5 to 8 Yrs,Other Karnataka
71,CRM Techno/ Functional consultant,CSC India Pvt Ltd.,9 to 14 Yrs,"Mumbai City+5Bangalore, Chennai, Hyderabad, Kolkata, Delhi"
72,"Assistant, Quality Control",Dell,0 to 4 Yrs,Bangalore+1Hyderabad
73,Professional Services Consultant - Media & Entertainmen ...,Amazon,10 to 13 Yrs,Bangalore
74,IT Associate Director,NTT Global Delivery Services Limite...,10 to 12 Yrs,Noida
75,Senior Java Developer (Remote),"Securly, Inc.",3 to 6 Yrs,"Bangalore+3Chennai, Hyderabad, Kolkata"
76,Principal Software Engineering Manager,Microsoft,3 to 5 Yrs,Hyderabad+1Other Telangana
77,Impact Analytics - Project Leader,Impact Analytics,4 to 7 Yrs,Bangalore
78,Business Analyst,Turing.com,3 to 8 Yrs,"Mumbai City+4Bangalore, Chennai, Hyderabad, Delhi"
79,Scienaptic - Lead Data Scientist,Scienaptic Systems (India),7 to 8 Yrs,Bangalore
80,Digital Solutions Consultant I (MES),Ranhill WorleyParsons,10 to 12 Yrs,Hyderabad
81,Urgent Requirement for Python Developer,Simran Shri Shri International,3 to 6 Yrs,Noida
82,Marketing Analyst - Data Analytics,Turing.com,1 to 4 Yrs,Chennai
83,Network Security Architect,Fractal Analytics,5 to 10 Yrs,Mumbai City
84,Product Manager - IT,Mirus Solutions,11 to 17 Yrs,"Mumbai City+2Chennai, Hyderabad"
85,Director - Engineering - IT (13-18 yrs),The Modern Dimension,5 to 18 Yrs,Bangalore
86,CrimsonAI - Architect - Python/ Node.Js/ Golang,Crimson Interactive,5 to 8 Yrs,Mumbai City
87,CrimsonAI - Associate Architect - Python/ Node.Js/ Gola ...,Crimson Interactive,5 to 7 Yrs,Mumbai City
88,Lead - Automotive Power Electronics,Adler Talent Solutions Pvt. Ltd,10 to 15 Yrs,Ahmedabad
89,Manager - Performance Marketing - Healthcare,Rising India Services,2 to 6 Yrs,Bangalore
90,Solution Architect - eCommerce,Edynamic,1 to 5 Yrs,Hyderabad
91,GM/AVP - Sales & Marketing,PageGroup,10 to 15 Yrs,Gurugram
92,UX Designer,Sentieo,3 to 5 Yrs,Delhi
93,AI & Automation Engineer,Talent Junction LLP,4 to 9 Yrs,Bangalore
94,AI Software Solutions Engineer (AI Frameworks),Intel Technology India Pvt Ltd,3 to 6 Yrs,Bangalore
95,Opening for AI Software Solutions Engineer (AI Framewor ...,Intel Technology India Pvt Ltd,3 to 6 Yrs,Bangalore
96,DevOps Engineer (AI Platform Middleware) - ATG,Blueberry Labs Private Limited,5 to 10 Yrs,Hyderabad
97,Sr DevOps Engineer (AI Platform Middleware) - ATG,LinkTag Inc.,5 to 8 Yrs,Hyderabad
98,DevOps Engineer (AI Platform Middleware) - ATG,LinkTag Inc.,2 to 5 Yrs,Hyderabad
99,Sr DevOps Engineer (AI Platform Middleware) - ATG,Blueberry Labs Private Limited,5 to 10 Yrs,Hyderabad
100,Staff DevOps Engineer (AI Platform Middleware) - ATG-,Blueberry Labs Private Limited,5 to 10 Yrs,Hyderabad
101,Staff DevOps Engineer (AI Platform Middleware) - ATG-,RAIDMAX TECHNOLOGIES PVT LTD,7 to 12 Yrs,Hyderabad
102,DevOps Engineer (AI Platform Middleware) - ATG,RAIDMAX TECHNOLOGIES PVT LTD,7 to 12 Yrs,Hyderabad
103,Sr DevOps Engineer (AI Platform Middleware) - ATG,RAIDMAX TECHNOLOGIES PVT LTD,6 to 11 Yrs,Hyderabad
104,AI Cognitive-Lead,Wipro Limited,5 to 8 Yrs,Bangalore
105,Staff DevOps Engineer (AI Platform Middleware) - ATG-,LinkTag Inc.,2 to 3 Yrs,Hyderabad
106,AI Test Engineer,Dell,1 to 2 Yrs,Bangalore
107,Chief Engineer - AI/ML,Nokia Solutions and Networks India ...,10 to 15 Yrs,Bangalore
108,AI Engineer,Intel Technology India Pvt Ltd,2 to 6 Yrs,Bangalore
109,AI Software Solution Engineer,Intel Technology India Pvt Ltd,3 to 6 Yrs,Bangalore
110,AI Software Solutions Engineer.,Intel Technology India Pvt Ltd,8 to 12 Yrs,Bangalore
111,AI Platforms Engineer,Intel Technology India Pvt Ltd,3 to 6 Yrs,Bangalore
112,AI Frameworks Validation Engineer,Intel Technology India Pvt Ltd,0 to 3 Yrs,Bangalore
113,"Manager - AI strategist, LDT Team",Genpact India Pvt. Ltd.,5 to 10 Yrs,Gurugram
114,"Management Trainee - AI strategist, LDT Team",Genpact India Pvt. Ltd.,6 to 11 Yrs,Bangalore
115,Opening for AI Software Solutions Engineer ( Full Stack ...,Intel Technology India Pvt Ltd,3 Yrs,Bangalore
116,"Support Engineer III, Alexa AI-Natural Understanding (L ...",Amazon,1 to 5 Yrs,Bangalore
117,"Support Engineer II, Alexa AI-Natural Understanding (Le ...",Amazon,1 to 6 Yrs,Bangalore
118,"Support Engineer II, Alexa AI-Natural Understanding (Le ...",Amazon,1 to 5 Yrs,Chennai
119,Geospatial AI engineer,Cyient Limited,3 to 8 Yrs,Hyderabad
120,Boomi Senior Principal AI/ML Engineer,Dell,14 to 15 Yrs,Bangalore
121,AI Data Foundation Research Engineer,Hewlett-Packard India Pvt Ltd,2 to 5 Yrs,Bangalore
122,Senior Research Engineer Validation of AI/ML systems,Siemens Limited,0 to 5 Yrs,Bangalore
123,AI Software Solutions Engineer (Compiler),Intel Technology India Pvt Ltd,0 to 4 Yrs,Bangalore
124,MSI Full Stack Software Engineer- AI/ML & Big Data,Apple Inc.,5 to 10 Yrs,Bangalore
125,Development Engineer-AI Strategy and Solutions Team,Hewlett-Packard India Pvt Ltd,6 to 10 Yrs,Bangalore
126,AI and Machine Learning (ML) Performance Engineer,Hewlett-Packard India Pvt Ltd,2 to 3 Yrs,Bangalore
127,Automation Engineer - AI Flagship,Schneider Electric,2 to 7 Yrs,Bangalore
128,AI Sales Engineer,NEC Technologies India Pvt Ltd,4 Yrs,Chennai
129,AI/ML Research & Product Engineer - AIShield,Bosch Group,3 to 6 Yrs,Bangalore
130,Applied Research Engineer AI / ML,Bosch Group,2 to 4 Yrs,Bangalore
131,Senior Site Reliability Engineer (AI),iManage LLC,5 to 10 Yrs,Delhi
132,AI/ML- Machine Learning Engineer,Bosch Group,3 to 5 Yrs,Bangalore
133,EHC_Healthcare_AI_Biomedical_Engineers,Bosch Group,2 to 5 Yrs,Bangalore
134,AI/ML - Data Curation Engineer,Apple Inc.,2 to 6 Yrs,Hyderabad
135,Data Scientist AI / Deep Learning for Automated Driving,Bosch Group,3 to 5 Yrs,Bangalore
136,EXP3DMLFT_Data Driven Development in Automated Driving( ...,Bosch Group,3 to 4 Yrs,Bangalore
137,Rezo.AI - AVP - Finance - International Accounting,Rezo.AI,6 to 10 Yrs,Noida
138,Rezo.AI - Engineering Director,Rezo.AI,10 to 15 Yrs,Noida
139,HPC AI Software Engineer,Aruba Networks,6 to 8 Yrs,Bangalore
140,Support Engineer AI & Machine Learning-Senior Associate ...,State Street Corporation,4 Yrs,Hyderabad
141,AI and Machine Learning (ML) Performance Engineer,Aruba Networks,2 to 3 Yrs,Bangalore
142,"Data science, AI/ML Engineer using Python || C2H",Growel Softech Ltd,4 to 7 Yrs,Chennai+1Hyderabad
143,AI Engineer,HR Devi and Associates,5 to 10 Yrs,Thiruvanananthapuram
144,Multi-Cloud Security AI/ML Lead (Staff Engineer),Vmware Software India Private limit...,2 to 5 Yrs,Chennai
145,Crimson AI - DevOps Engineer,Crimson Interactive,2 to 4 Yrs,Mumbai City
146,Crimson AI - Principal Engineer - Python/ Node.Js/ Gola ...,Crimson Interactive,6 to 10 Yrs,Mumbai City
147,AI and Machine Learning Engineer,Algen Exports Pvt. Ltd.,2 to 7 Yrs,Noida
148,Sr. AI/ML engineer,SmartData Enterprises (I) Ltd.,5 to 7 Yrs,Mohali
149,Principal Engineer - AI Engine,Xilinx India Technology Services Pv...,10 to 12 Yrs,Hyderabad
150,Senior AI Engineer,Fractal Analytics,4 to 6 Yrs,Mumbai City
151,Crimson AI - Senior Principal Engineer,Crimson Interactive,8 to 13 Yrs,Mumbai City
152,IoT and AI Engineer (1-3 years),Trident Information Systems Pvt. Lt...,1 to 6 Yrs,Delhi
153,AI Engineering Manager IN-Karnataka-Bangalore,Schneider Electric,2 to 4 Yrs,Bangalore
154,Sr AI Engineering Manager IN-Karnataka-Bangalore,Schneider Electric,3 to 4 Yrs,Bangalore
155,AI Software Solutions Engineering Manager,Intel Technology India Pvt Ltd,1 to 6 Yrs,Bangalore
156,"Senior Partner Solutions Architect - AI/ML, Partners",Amazon,3 to 4 Yrs,Bangalore
157,"AI/ML Specialist Solutions Architect , WWSO",Amazon,3 to 7 Yrs,Bangalore
158,Sr AI/ML Architect,Nokia Solutions and Networks India ...,10 Yrs,"Mumbai City+6Bangalore, Chennai, Hyderabad, Kolkata, Delhi, Ahmedabad"
159,EIT AI Architect IN-Karnataka-Bangalore,Schneider Electric,5 to 10 Yrs,Bangalore
160,Strategy Manager AI Products,Dell,4 to 7 Yrs,Hyderabad
161,Conversation AI SME - Voice ChatBot,NTT Global Delivery Services Limite...,5 to 10 Yrs,Chennai
162,AI/ML Architect,Cyient Limited,5 to 8 Yrs,Pune
163,Program Manager AI Products,Dell,4 to 8 Yrs,Chennai
164,Sr. Product Manager - Risk AI/ML,"PayPal Holdings, Inc.",8 to 13 Yrs,Bangalore
165,Consultant/AM- AI-Machine Learning - Mumbai,KPMG,4 to 6 Yrs,Chennai
166,Applied AI ML Analyst (Data Annotation),JPMorgan,2 to 5 Yrs,Mumbai City
167,Accenture Solutions.AI - Customer Engagement,Accenture,2 to 4 Yrs,Bangalore
168,"SDE 2, Search Science and AI",Amazon,2 to 6 Yrs,Bangalore
169,AI ML Analyst (Data Annotation),JPMorgan,3 to 5 Yrs,Hyderabad
170,AI ML Analyst (Data Annotation),JPMorgan,5 to 10 Yrs,Bangalore
171,AI/ML Developer,Morgan Stanley Advantage Services P...,4 to 8 Yrs,Bangalore
172,"Data Scientist, Search Science and AI",Amazon,3 to 8 Yrs,Bangalore
173,Data Engineering Leader - A&I,JUBILANT FOODWORKS,12 to 14 Yrs,Noida
174,Webmethods Support/Enhancement Engineer - DXC Technolog ...,CSC India Pvt Ltd.,3 to 8 Yrs,"Mumbai City+4Bangalore, Chennai, Hyderabad, Delhi"
175,-AI Developer,Seven Consultancy,1 to 2 Yrs,Hyderabad
176,Senior Software Engineer - CS,Noodle.ai,5 to 7 Yrs,Bangalore
177,"Senior Development Engineer in Test- Bangalore, Karnata ...",Noodle.ai,5 to 6 Yrs,Bangalore
178,AI Developer,Seven Consultancy,8 to 12 Yrs,Hyderabad
179,AI Developer-reputed IT company,Seven Consultancy,12 to 15 Yrs,Hyderabad
180,"-AI Developer-reputed IT company-Hyderabad, Telangana,  ...",Seven Consultancy,15 to 20 Yrs,Hyderabad
181,Cloud Solution Architect - Data & AI,Microsoft,5 to 10 Yrs,Mumbai City
182,AI Developer,Seven Consultancy,12 to 15 Yrs,Delhi
183,"-AI Developer-reputed IT company-Chennai, Tamilnadu, In ...",Seven Consultancy,4 to 5 Yrs,Chennai
184,AI Data Scientist,Seven Consultancy,5 to 8 Yrs,Hyderabad
185,-AI Data Scientist,Seven Consultancy,8 to 12 Yrs,Hyderabad
186,"Java8, Kafka Streams, Machine Learning, AI Developer",Augusta Infotech,7 to 10 Yrs,Bangalore
187,-AI Data Scientist,Seven Consultancy,15 to 20 Yrs,Hyderabad
188,Digital Business Unit Head - IoT/AI/ML/Cloud/Device Eng ...,HR Access Consulting,12 to 20 Yrs,Ahmedabad
189,Data Scientist - AI/Machine Learning - Financial Servic ...,Pinnacle Search,10 to 15 Yrs,Mumbai City+1Hyderabad
190,Hiring for Software Developer - Python Developer Bangal ...,WHITE HORSE MANPOWER CONSULTANCY (P...,3 to 5 Yrs,Bangalore
191,SYSTEMS ENGINEER,Infosys Limited,3 to 5 Yrs,Chennai
192,Manager - ML Engineer,Genpact India Pvt. Ltd.,3 to 6 Yrs,Bangalore
193,Senior Manager - Machine Learning Engineer,Genpact India Pvt. Ltd.,6 to 11 Yrs,Pune
194,SYSTEMS ENGINEER,Infosys Limited,3 to 4 Yrs,Bangalore
195,SYSTEMS ENGINEER,Infosys Limited,4 to 8 Yrs,Pune
196,"Mgr, Software Engrg Mgmt (DevOps Engineer)",Blueberry Labs Private Limited,5 to 10 Yrs,Hyderabad
197,"Mgr, Software Engrg Mgmt (DevOps Engineer)",LinkTag Inc.,3 to 5 Yrs,Hyderabad
198,Analysis Tools Development Engineer,Intel Technology India Pvt Ltd,2 to 5 Yrs,Hyderabad
199,Analysis Tools Development Engineer,Intel Technology India Pvt Ltd,5 to 8 Yrs,Hyderabad
200,Principal Cloud Software Engineer,Intel Technology India Pvt Ltd,2 to 11 Yrs,Bangalore
201,Software Engineer Senior Manager (IT),Dell,4 to 9 Yrs,Bangalore+1Hyderabad
202,System Software Development Engineer,Intel Technology India Pvt Ltd,3 to 5 Yrs,Bangalore
203,Software Engineer,Intel Technology India Pvt Ltd,1 to 5 Yrs,Bangalore
204,DevOps Engineer,Philips Lighting India Limited,5 to 10 Yrs,Bangalore
205,Runtimes and Middleware Optimization Engineer,Intel Technology India Pvt Ltd,4 to 10 Yrs,Bangalore
206,Software Development Engineer II,Expedia,1 to 3 Yrs,Gurugram
207,Network Software Engineer,Intel Technology India Pvt Ltd,2 to 4 Yrs,Bangalore
208,Senior Full Stack Software Developer,"Securly, Inc.",3 to 7 Yrs,Pune
209,Deep Learning Software Engineer,Intel Technology India Pvt Ltd,0 to 4 Yrs,Bangalore
210,Executive Assistant,Engineer.ai - Everyones Engineering...,2 to 4 Yrs,Gurugram
211,Senior Productologist,Engineer.ai - Everyones Engineering...,3 to 7 Yrs,Gurugram
212,Senior UI Engineer,Noodle.ai,4 to 9 Yrs,Bangalore
213,"Sales Operations, Strategy and Enablement Manager",Engineer.ai - Everyones Engineering...,4 to 7 Yrs,Gurugram
214,Senior Data Engineer,Noodle.ai,6 to 8 Yrs,Bangalore
215,"Mgr, Software Engrg Mgmt (DevOps Engineer)",RAIDMAX TECHNOLOGIES PVT LTD,4 to 9 Yrs,Hyderabad
216,Hardware Engineer,Intel Technology India Pvt Ltd,7 to 10 Yrs,Bangalore
217,Hardware Engineer,Intel Technology India Pvt Ltd,10 to 15 Yrs,Bangalore
218,Electronics Hardware Engineer,Philips Lighting India Limited,3 to 6 Yrs,Pune
219,Graphics Hardware Engineer,Intel Technology India Pvt Ltd,2 to 6 Yrs,Bangalore
220,DevOps Engineer/Senior Engineer - Big Data,salesforce.,2 to 7 Yrs,Hyderabad
221,IT Senior Software Engineer (DevOps Platform Engineer),Dell,6 to 8 Yrs,Hyderabad
222,IT Senior Software Engineer (DevOps Platform Engineer),Dell,6 to 8 Yrs,Other Karnataka
223,Software Principal Engineer - Data Engineer,Dell,3 to 5 Yrs,Bangalore
224,"Software Engineer, DevOps & CloudOps Engineer",Dell,2 to 7 Yrs,Bangalore
225,"Hardware Engineer Bangalore, KA IN",Intel Technology India Pvt Ltd,12 to 14 Yrs,Bangalore
226,Devops Engineer/Site Reliability Engineer (SRE)-MTS/SMT ...,salesforce.,3 to 6 Yrs,Hyderabad
227,Customer Success Engineer (India),Unravel,3 to 8 Yrs,"Mumbai City+6Bangalore, Chennai, Hyderabad, Kolkata, Pune, Delhi"
228,Senior Software Engineer,HERE,5 to 10 Yrs,Mumbai City
229,Computing-Lead,Wipro Limited,2 to 4 Yrs,Bangalore
230,Machine Learning Engineer,Intel Technology India Pvt Ltd,2 to 4 Yrs,Bangalore
231,Business Analyst - Data Science,Genpact India Pvt. Ltd.,3 to 4 Yrs,Bangalore
232,Deep learning Software Engineer,Intel Technology India Pvt Ltd,2 to 4 Yrs,Bangalore
233,Principal Data Engineer,Dell,5 to 10 Yrs,Bangalore+1Hyderabad
234,Senior Software Engineer-IT javascript,Dell,7 to 9 Yrs,"Bangalore+3Chennai, Hyderabad, Kolkata"
235,Senior Principal Software Engineer-IT javascript,Dell,12 to 15 Yrs,"Bangalore+3Chennai, Hyderabad, Kolkata"
236,Senior Software Engineer,Dell,5 to 8 Yrs,Bangalore
237,Software Engineer 2,24 7 Customer,3 to 5 Yrs,Bangalore
238,System Software Development Engineer,Intel Technology India Pvt Ltd,8 to 10 Yrs,Bangalore
239,"Support Engineer, Alexa Data Services",Amazon,1 to 3 Yrs,Hyderabad
240,Pirncipal Software Engineer,Dell,8 to 10 Yrs,Bangalore
241,SW Integration and QA Engineer,Intel Technology India Pvt Ltd,8 to 12 Yrs,Bangalore
242,Staff DevOps Engineer,24 7 Customer,8 to 10 Yrs,Bangalore
243,ACN - Applied Intelligence - GCP - Machine Learning Eng ...,Accenture,4 to 6 Yrs,Bangalore
244,Lead Engineer IOT-Edge Applications Development,Intel Technology India Pvt Ltd,6 to 8 Yrs,Bangalore
245,Customer Growth Marketing - APJ Business Insights Engin ...,Dell,2 to 5 Yrs,Bangalore+1Hyderabad
246,Senior Data Engineer,Dell,2 to 4 Yrs,Bangalore+1Hyderabad
247,Principal Software Engineer System Management,Dell,3 to 5 Yrs,Bangalore
248,DevCloud Validation Automation Engineer,Intel Technology India Pvt Ltd,5 to 6 Yrs,Bangalore
249,Software Debug Engineer,Intel Technology India Pvt Ltd,3 to 8 Yrs,Bangalore
250,Software Debug Engineer,Intel Technology India Pvt Ltd,8 to 10 Yrs,Bangalore
251,"Software Development Engineer, Alexa Aging Tech",Amazon,2 to 4 Yrs,Hyderabad
252,Senior Floorplan and Integration Engineer,Intel Technology India Pvt Ltd,10 to 13 Yrs,Bangalore
253,Validation Automation Engineer,Intel Technology India Pvt Ltd,6 to 10 Yrs,Bangalore
254,Senior Software Engineer (Middleware Expert),Intel Technology India Pvt Ltd,7 to 10 Yrs,Bangalore
255,Pre-Si Validation Engineer,Intel Technology India Pvt Ltd,15 to 17 Yrs,Bangalore
256,"Software Engineer II, Customer Behaviour Analytics",Amazon,1 to 2 Yrs,Bangalore
257,Software Development Engineer,Amazon,2 to 7 Yrs,Gurugram
258,Software Senior Engineer Edge Software Engineering jque ...,Dell,6 to 10 Yrs,Bangalore
259,Manager - Business Analyst Artificial Intelligence & Ma ...,Genpact India Pvt. Ltd.,3 to 8 Yrs,Gurugram
260,"Sr Systems Development Engineer(MS Azure Stack HCI, SAP ...",Dell,5 to 8 Yrs,Bangalore
261,Test Engineer 2 (I6) SDET,Dell,1 to 4 Yrs,Bangalore
262,Data & MLOPs Platform Engineer (Python),JPMorgan,1 to 3 Yrs,Hyderabad
263,Senior Software Engineer - IT,Dell,5 to 8 Yrs,"Bangalore+3Chennai, Hyderabad, Kolkata"
264,Machine Learning Engineer,Dell,5 to 10 Yrs,Bangalore
265,Sr. Data Engineer,Expedia,5 Yrs,Bangalore
266,MTS Silicon Design Engineer,"Advanced Micro Devices, Inc.",5 to 10 Yrs,Bangalore
267,IOT - Senior System Software Engineer,Intel Technology India Pvt Ltd,10 to 13 Yrs,Bangalore
268,Pre-Si Validation Engineer,Intel Technology India Pvt Ltd,10 to 15 Yrs,Bangalore
269,Principal Software Engineer ersec,Dell,8 to 10 Yrs,Pune
270,Principal Software Engineer - IT,Dell,2 to 7 Yrs,Bangalore
271,Softre Senior Engineer,Dell,6 to 10 Yrs,Bangalore
272,"Machine Learning Engineer, GSI",salesforce.,2 Yrs,Hyderabad
273,System Software Development Engineer,Intel Technology India Pvt Ltd,2 to 5 Yrs,Bangalore
274,Software Engineer ,Dell,4 to 9 Yrs,Bangalore
275,"Software Senior Principal Engineer, DevOps & CloudOps A ...",Dell,13 to 16 Yrs,Bangalore
276,Software Development Engineer 3- C++,24 7 Customer,6 to 8 Yrs,"Bangalore+2Chennai, Hyderabad"
277,Pre-Silicon Validation Engineer / Lead,Intel Technology India Pvt Ltd,5 to 6 Yrs,Hyderabad
278,GPU Power Engineer,Intel Technology India Pvt Ltd,4 to 7 Yrs,Bangalore
279,Software Engineer C++2,Intel Technology India Pvt Ltd,10 to 13 Yrs,Bangalore
280,SOC Timing Signoff Engineer,Intel Technology India Pvt Ltd,8 to 10 Yrs,Bangalore
281,Power Performance Area Design Engineer,Intel Technology India Pvt Ltd,2 to 5 Yrs,Bangalore
282,SOC DFT Engineer R-789541126,Intel Technology India Pvt Ltd,3 to 8 Yrs,Bangalore
283,Cloud Software Development Engineer,Intel Technology India Pvt Ltd,5 to 12 Yrs,Bangalore
284,Power Performance Area Design Engineer,Intel Technology India Pvt Ltd,1 to 4 Yrs,Bangalore
285,Power Performance Area Design Engineer,Intel Technology India Pvt Ltd,2 to 4 Yrs,Bangalore
286,"Quality Assurance Engineer II, Amazon Astro - Chennai",Amazon,3 to 6 Yrs,Chennai
287,SerDes RTL/Logic Design Engineer,Intel Technology India Pvt Ltd,5 to 10 Yrs,Bangalore
288,Assistant Manager - Data Scientist,Genpact India Pvt. Ltd.,2 to 7 Yrs,Noida
289,Manager - UiPath,Genpact India Pvt. Ltd.,3 to 7 Yrs,Noida
290,Research Verification Engineer,Intel Technology India Pvt Ltd,5 to 10 Yrs,Bangalore
291,SoC Design Engineer,Intel Technology India Pvt Ltd,8 to 20 Yrs,Hyderabad
292,Cloud Orchestration SW Engineer,Intel Technology India Pvt Ltd,0 to 4 Yrs,Bangalore
293,IOT BIOS Systems Engineer,Intel Technology India Pvt Ltd,10 to 13 Yrs,Bangalore
294,Software Engineer Professional,BT e-Serv (India),0 to 2 Yrs,Bangalore
295,Workstation validation Engineer,Intel Technology India Pvt Ltd,0 to 5 Yrs,Bangalore
296,Cloud System Engineer,Intel Technology India Pvt Ltd,3 to 5 Yrs,Bangalore
297,Solution Architecting Application Automation Engineer,Accenture,12 to 15 Yrs,Pune
298,Software Test Engineer-Pune,MasterCard,3 to 4 Yrs,Pune
299,DL Software Engineer - Intern,Intel Technology India Pvt Ltd,0 to 1 Yr,Bangalore
300,GPU Software Development Engineer qd_1218j8,Intel Technology India Pvt Ltd,8 to 11 Yrs,Bangalore
301,GPU Software Development Engineer Primary Location Bang ...,Intel Technology India Pvt Ltd,9 to 10 Yrs,Bangalore
302,Sr Engineer Cloud Security,Intel Technology India Pvt Ltd,5 to 8 Yrs,Bangalore
303,Microsoft Dynamics CRM Functional Quality Engineer (Tes ...,Accenture,2 to 4 Yrs,Gurugram
304,SERDES RTL/Logic Design Engineer,Intel Technology India Pvt Ltd,9 to 12 Yrs,Bangalore
305,DL Software Engineer - Intern,Intel Technology India Pvt Ltd,3 to 6 Yrs,Bangalore
306,"Solutions Architect-Network Engineer(TCP/IP, DNS, SSL,  ...",Dell,8 to 11 Yrs,Bangalore
307,Devops Engineer-SMTS,salesforce.,8 to 10 Yrs,Bangalore
308,Test Engineer 2 (I6) SDET jquery,Dell,2 to 5 Yrs,Bangalore
309,Test Senior Principal Engineer,Dell,5 to 7 Yrs,Bangalore
310,Test Senior Engineer - Automation,Dell,5 to 9 Yrs,Bangalore
311,Test Principal Engineer (I8) SDET,Dell,9 to 11 Yrs,Bangalore
312,Test Senior Engineer,Dell,3 to 8 Yrs,Bangalore
313,Senior Software Engineer - 5G Central Unit,Dell,5 to 10 Yrs,Bangalore
314,Software Senior Engineer (I7),Dell,8 to 10 Yrs,Bangalore
315,Software Test Engineer,Dell,1 to 2 Yrs,Bangalore
316,Senior Software Engineer - IT - Global Ecommerce Experi ...,Dell,5 to 7 Yrs,Hyderabad
317,Quality Senior Principal Engineer (I9),Dell,12 to 15 Yrs,Bangalore
318,Software Engineer Manager (IT),Dell,2 to 7 Yrs,Bangalore
319,Senor Principal Software Engineer - IT,Dell,7 to 10 Yrs,Bangalore
320,System test engineer,Philips Lighting India Limited,5 Yrs,Bangalore
321,Software Engineer 2 - IT javascript,Dell,2 to 6 Yrs,Bangalore
322,Test Senior Engineer,Dell,5 to 8 Yrs,Bangalore
323,Senior Data Engineer,Schneider Electric,5 to 10 Yrs,Bangalore
324,Senior Software Engineer,Dell,6 to 10 Yrs,Bangalore
325,Manufacturing Test Engineer,Dell,3 to 5 Yrs,Hyderabad
326,IPS Senior Engineer - TSB India,Dell,5 to 9 Yrs,Bangalore
327,Software Senior Engineer,Dell,4 to 8 Yrs,Bangalore
328,Development Engineer  id-0909,Philips Lighting India Limited,5 to 9 Yrs,Bangalore
329,Cloud Support Engineer II - Bigdata,Amazon,3 to 8 Yrs,Bangalore
330,Softwere Senior Engineer,Dell,4 to 6 Yrs,Bangalore
331,Req Software Engineer,Dell,2 to 5 Yrs,Bangalore
332,Software Engineer Manager 2 (Remote),Dell,1 to 2 Yrs,Hyderabad
333,Software Engineer 1 - IT,Dell,1 to 2 Yrs,Bangalore+1Hyderabad
334,Senior Software Engineer - .Net Fullstack - Global eCom ...,Dell,5 to 7 Yrs,Bangalore
335,Development Engineer- Bangalore 326876 -Bangalore 32687 ...,Philips Lighting India Limited,4 to 8 Yrs,Bangalore
336,Test Engineer,Dell,1 to 2 Yrs,Bangalore
337,Solutions Architect-Infrastructure Engineer,Dell,8 to 11 Yrs,Bangalore
338,Software Engineer- Java Backend Developer,Dell,2 to 5 Yrs,Bangalore
339,Principal Software Engineer - IT,Dell,8 to 10 Yrs,"Bangalore+3Chennai, Hyderabad, Kolkata"
340,Software Engineer 1 - IT,Dell,1 Yrs,Delhi
341,Softwares Senior Engineer,Dell,5 to 10 Yrs,Pune
342,Principal Softwarre Engineers,Dell,8 to 11 Yrs,Bangalore
343,Software Engineer 2 jquery,Dell,2 to 7 Yrs,Bangalore
344,Test Engineer 1,Dell,1 to 2 Yrs,Hyderabad
345,Softwrrre Engineer,Dell,2 to 5 Yrs,Bangalore
346,Quality Senior Engineer,Dell,6 to 11 Yrs,"Ireland+2Russia, Bangalore"
347,Software Principal Engineer,Dell,8 to 12 Yrs,Bangalore
348,Machine Learning Engineer,Dell,5 to 10 Yrs,Bangalore
349,Career Restart - Software Engineer,Dell,2 to 4 Yrs,Bangalore
350,Cloud Support Engineer II - Bigdata,Amazon,3 to 5 Yrs,Bangalore
351,Quality Principal Engineer,Dell,3 to 5 Yrs,Bangalore
352,Senior Engineer - PD,Cyient Limited,20 Yrs,Bangalore
353,Test Engineer India R&D,Dell,2 to 7 Yrs,Bangalore
354,Advisory System Engineer,Dell,9 to 14 Yrs,Mumbai City+1Bangalore
355,Principal Engineer - Analog Layout,Cyient Limited,4 Yrs,Bangalore
356,Test Automation Engineer,MoEngage Inc.,1 to 5 Yrs,Hyderabad
357,Principal Engineer- Linux & VMware,Dell,6 to 11 Yrs,Bangalore
358,Associate systems engineer,Dell,2 to 7 Yrs,Mumbai City
359,"Storage(Vmax & SRDF) - Principal Engineer, Service Deli ...",Dell,8 to 12 Yrs,Mumbai City+1Bangalore
360,Senior Software Principal Engineer - 5G Layer 3 Archite ...,Dell,13 to 14 Yrs,Bangalore
361,Principal IT Automation Engineer,Dell,12 to 14 Yrs,Delhi
362,Software Principal Sustaining Engineer,Dell,8 to 12 Yrs,Pune
363,Storage Admin - Service Delivery Engineer 2,Dell,6 to 10 Yrs,Pune
364,NOC Architecture Engineer,Intel Technology India Pvt Ltd,4 to 9 Yrs,Hyderabad
365,Principal Software Engineer - IT,Dell,5 to 8 Yrs,Bangalore
366,Associate Systems Engineer II,Dell,7 to 10 Yrs,Delhi
367,IT Application Support Engineer,Dell,3 to 5 Yrs,Hyderabad
368,Automation Test Engineer,Dell,3 to 5 Yrs,Hyderabad
369,Principal Software Engineer - Oracle Apps,Dell,8 to 10 Yrs,Bangalore
370,Senior Test Engineer,Dell,8 to 10 Yrs,Bangalore
371,Performance Principal Engineer,Dell,5 to 7 Yrs,Kolkata
372,IT Principal Software Engineer,Dell,10 to 14 Yrs,Chennai
373,Test Senior Engineer (I7) SDET,Dell,3 to 6 Yrs,Bangalore
374,Senior Software Engineer - Oracle Apps,Dell,5 to 8 Yrs,Bangalore
375,Senior Principal Software Engineer Edge SW Engineering,Dell,12 to 16 Yrs,Bangalore
376,Software Engineering- ML Ops Engineer,JPMorgan,5 to 6 Yrs,"Mumbai City+6Bangalore, Chennai, Hyderabad, Kolkata, Delhi, Ahmedabad"
377,Software Engineer 2 - BIOS Automation,Dell,4 to 8 Yrs,Bangalore
378,SW Engineer 1 - IT,Dell,0 to 3 Yrs,Bangalore
379,IT Software Engineer,Dell,2 to 7 Yrs,Bangalore
380,Test Engineer 2 qd,Dell,2 to 5 Yrs,Bangalore
381,Quality Senior Principal Engineer,Dell,3 to 8 Yrs,"Bangalore+3Chennai, Hyderabad, Kolkata"
382,Software Principal Engineer jobdesc,Dell,7 to 10 Yrs,Bangalore
383,Technical Support -Networking Engineer,Dell,3 to 5 Yrs,Bangalore
384,Boomi Performance Engineer,Dell,3 to 4 Yrs,Bangalore+1Hyderabad
385,Principal DevOps Engineer Dell SRE,Dell,2 to 4 Yrs,Bangalore
386,Software Senior Engineer,Dell,5 to 10 Yrs,Bangalore
387,Senior Software Engineer,Dell,5 to 10 Yrs,Bangalore
388,Principal Software Engineer,Dell,6 to 10 Yrs,Bangalore
389,Software Principal Engineer,Dell,8 to 10 Yrs,Bangalore
390,"Senior Business Intel. Engineer,",Amazon,6 to 11 Yrs,Bangalore
391,Electrical Principal Engineer,Dell,4 to 9 Yrs,Bangalore
392,Senior Systems Development Engineer Karn,Dell,5 to 8 Yrs,Bangalore
393,Principal Software Engineer - Subscription Billingg,Dell,8 to 10 Yrs,Bangalore+1Hyderabad
394,Quaality Assurance Engineer,Dell,2 to 5 Yrs,Bangalore+1Hyderabad
395,Design Engineer Specialist,BT e-Serv (India),5 to 10 Yrs,Delhi
396,Analyst - Data Engineer,Dell,1 to 2 Yrs,Bangalore
397,Software Engineer,Dell,1 to 4 Yrs,"Bangalore+3Chennai, Hyderabad, Kolkata"
398,Software Quality Principal Engineer Edge Embedded Syste ...,Dell,10 to 12 Yrs,Bangalore
399,Test Senior Engineer,Dell,3 to 7 Yrs,Bangalore
400,Senior Software Engineer,Dell,5 to 8 Yrs,Bangalore
401,Technical Support Engineer,Dell,2 to 7 Yrs,Bangalore
402,Senior Software Engineer,Dell,5 to 8 Yrs,Chennai+1Hyderabad
403,Software Principal Engineer,Dell,8 to 10 Yrs,Bangalore
404,Software Engineer RQCX_18596+,Intel Technology India Pvt Ltd,1 to 4 Yrs,Bangalore
405,Senior Software Engineer - IT (I7),Dell,5 to 8 Yrs,Hyderabad
406,"Senior Engineer-VDI, HorizonView",Dell,6 to 10 Yrs,Pune
407,Test Senior Engineer (I7) SDET,Dell,3 to 7 Yrs,Bangalore
408,ETL Software Engineer,Dell,5 to 8 Yrs,Hyderabad
409,Performance Engineer,Dell,2 to 7 Yrs,Bangalore
410,Softwre Engineer 2 - IT,Dell,2 to 5 Yrs,Bangalore
411,Prncipal Software Engineer - IT,Dell,8 to 10 Yrs,Bangalore
412,Software Engineer - IT-Bangalore,Dell,3 to 5 Yrs,Bangalore
413,Test Engineers 2 (I6) SDET,Dell,2 to 7 Yrs,Bangalore
414,Principle Software Engineer - Boomi Integration,Dell,8 to 10 Yrs,Bangalore
415,Interactive Media and User Generated Content Senior Sof ...,Dell,7 to 9 Yrs,Chennai
416,Service Delivery Engineer 2 (SAP Basis),Dell,4 to 6 Yrs,Bangalore
417,Senior Principle Software Engineer - Salesforce Solutio ...,Dell,11 to 14 Yrs,Bangalore
418,Senior Software Engineer-IT,Dell,3 to 7 Yrs,"Bangalore+2Chennai, Hyderabad"
419,Service Delivery Engineer 2-Backup,Dell,3 to 7 Yrs,Bangalore+1Hyderabad
420,Principal Software Engineer - IT (I8)jbj,Dell,10 to 12 Yrs,Bangalore+1Chennai
421,Senior Principal Software Engineer - IT Architect,Dell,10 to 15 Yrs,Bangalore
422,Sr Software Engineer,Dell,5 to 8 Yrs,Bangalore
423,"Software Development Engineer, Amazon Ad Tech",Amazon,1 to 6 Yrs,Gurugram
424,Senior Automation Test Engineer,Dell,5 to 8 Yrs,Hyderabad
425,Software Engineer 2 - IT,Dell,5 to 7 Yrs,Hyderabad
426,Software Engineer - Oracle Apps,Dell,3 to 6 Yrs,Bangalore
427,Senior Software Engineer - Java Backend,Dell,5 to 8 Yrs,Bangalore
428,Principal Software Engineer - Web UI/Angular,Dell,8 to 10 Yrs,Bangalore
429,Opening for Software Senior Engineer-Bangalore,Dell,6 to 8 Yrs,Bangalore
430,Sr. System Engineer - Enterrprrise Monitoring System,Dell,2 to 6 Yrs,Bangalore
431,Software Engineer - ETL and Oracle PL/SQL,Dell,2 to 5 Yrs,Bangalore
432,Software Principall Engineer,Dell,8 to 10 Yrs,Pune
433,Senior Principal Softwere Engineer - IT,Dell,8 to 12 Yrs,Hyderabad
434,Support Senior Software Engineer - Salesforcce (SFDC),Dell,3 to 5 Yrs,Bangalore
435,Senr Principal Software Engineer - IT,Dell,13 to 15 Yrs,Bangalore
436,Principal Software Engineer Edge Software Engineering,Dell,10 to 15 Yrs,Bangalore
437,Principal Software Engineer Edge Embedded Systems,Dell,10 to 13 Yrs,Bangalore
438,"Leader, Data Science Engineer",MasterCard,5 to 10 Yrs,Pune
439,Software Quality Principal Engineer Edge Software Engin ...,Dell,10 to 13 Yrs,Bangalore
440,Senior Engineer-Technical Support9+3,Dell,4 to 8 Yrs,Bangalore
441,Senior Engineer- Technical Support,Dell,5 to 10 Yrs,Bangalore
442,Solutions Architecture Engineer 2-VMware ESXi,Dell,4 to 6 Yrs,Bangalore
443,Quality Senior Principal Engineer,Dell,3 to 5 Yrs,Bangalore
444,Quality Principal Engineer,Dell,3 to 8 Yrs,Chennai
445,Software Engineer 2 - IT,Dell,3 to 5 Yrs,Bangalore
446,Senior Software Principal Engineer - 5G Layer,Dell,15 to 17 Yrs,Bangalore
447,Senior Technical Marketing Engineer,Dell,3 to 4 Yrs,Bangalore
448,Software Quality Engineer -2,Dell,2 to 5 Yrs,Bangalore
449,Senior Engineer-HPC & Redhat Linux 7/8,Dell,6 to 7 Yrs,Bangalore
450,Pre-Si Modelling Engineer,Intel Technology India Pvt Ltd,2 to 7 Yrs,Bangalore
451,Senior Software Engineer,SourceHOV (A Lason India Company),5 to 7 Yrs,Pune
452,SW Quality and Methodology Engineer,Intel Technology India Pvt Ltd,0 to 4 Yrs,Bangalore
453,IOT BIOS Firmware Validation Engineer,Intel Technology India Pvt Ltd,5 to 8 Yrs,Bangalore
454,Front-End Principal Software Engineer - Data Management,Dell,4 to 9 Yrs,Kolkata
455,Quality Assurance Engineer,MoEngage Inc.,1 to 6 Yrs,Hyderabad
456,Senior System Engineer,Dell,8 to 12 Yrs,Gurugram
457,Engineering Development -Software Engineer 2,Dell,3 to 6 Yrs,Bangalore
458,"Software Senior Engineer - - C, .Net Framework",Dell,3 to 8 Yrs,Bangalore
459,Software Engineer,Dell,5 to 10 Yrs,Kolkata
460,Software Engineer 2,Dell,5 to 10 Yrs,Pune
461,"Principal Engineer, Solutions Architecture",Dell,3 to 8 Yrs,Bangalore
462,Performance Senior Principal Engineer,Dell,5 to 6 Yrs,Chennai
463,Senior Technical Support Engineer,Dell,6 to 8 Yrs,Pune
464,Systems Development Engineer 2,Dell,3 to 5 Yrs,Bangalore
465, Title Senior Software Engineer - 5G Distributed Unit,Dell,5 to 6 Yrs,Bangalore
466,Technical Support Engineer 2 (I6),Dell,1 to 2 Yrs,Bangalore
467,Supplier Quality Engineer DDS India,Philips Lighting India Limited,5 to 10 Yrs,Noida
468,Software Principal Engineer,Dell,2 to 6 Yrs,Pune
469,Sr Software Principal Engineer Security Advisor (Remote ...,Dell,8 to 10 Yrs,Chennai
470,Software Engineer 1 BIOS Automation,Dell,3 to 5 Yrs,Bangalore
471,Senior Principal SW Engineer - IT,Dell,13 to 15 Yrs,Hyderabad
472,"Analyst, Data Engineer",Dell,1 to 3 Yrs,Bangalore
473,Senior System Engineer,Dell,5 to 10 Yrs,Mumbai City
474,Software Senior Engineer - Java Developer,Dell,8 to 13 Yrs,Bangalore+1Kolkata
475,Quality Principal Engineer,Dell,5 to 10 Yrs,Chennai
476,"Senior Principal Software Engineer (DevOps, Build and R ...",Dell,8 to 13 Yrs,Bangalore
477,Software Senior Engineer (Front End & full stack Webapp ...,Dell,4 to 8 Yrs,Pune
478,Test Principal Engineer,Dell,10 to 14 Yrs,Bangalore
479,"Senior Principal Engineer-Kubernetes, TKG, Scripting",Dell,12 to 14 Yrs,Bangalore
480,"Principle Engineer-VMware Tanzu, PCF",Dell,8 to 10 Yrs,Bangalore
481,Test Senior Principal Engineer,Dell,8 Yrs,Bangalore
482,"Storage(Vmax & SRDF) - Senior Engineer, Service Deliver ...",Dell,4 to 7 Yrs,Mumbai City+1Bangalore
483,Senior Engineer-Automation(Ansible/Puppet & Prometheus/ ...,Dell,5 to 10 Yrs,Bangalore
484,Senior Software Engineer-C/C++ Development,Dell,5 to 8 Yrs,Bangalore
485,"Senior Engineer-Isilon, Unity, VMAX3,VPLEX",Dell,8 to 13 Yrs,Bangalore
486,Senior Engineer-VMware vCloud Director/vCloud Automatio ...,Dell,6 to 8 Yrs,Bangalore
487,".Net Senior Software Engineer IT, Bangalore",Dell,5 to 8 Yrs,Bangalore
488,"Senior Engineer-VDI, HorizonView",Dell,6 to 10 Yrs,Bangalore
489,Senior Software Engineer-Salsify content management,Dell,5 to 6 Yrs,Bangalore
490,Systems Engineer (Global Alliances),Dell,4 to 8 Yrs,Delhi
491,Assistant Mechanical Engineer-VAVE,Philips Lighting India Limited,0 to 3 Yrs,Pune
492, Title Software Engineer - 5G Telco,Dell,3 Yrs,Bangalore
493,Development Engineer - Front End,Philips Lighting India Limited,3 to 8 Yrs,Bangalore
494,Technical Support Engineer - Server/Storage/Networking/ ...,Dell,2 to 4 Yrs,Bangalore
